pleuchb1.jpg,pleuchb
pleuchb2.jpg,pleuchb
pleuchb3.jpg,pleuchb
pleuchc1.jpg,pleuchc
pleuchc2.jpg,pleuchc
pleuchc3.jpg,pleuchc
pleuchd1.jpg,pleuchd
pleuchd2.jpg,pleuchd
pleuchd3.jpg,pleuchd
pleuchg1.jpg,pleuchg
pleuchg2.jpg,pleuchg
pleuchg3.jpg,pleuchg
pleuchh1.jpg,pleuchh
pleuchh2.jpg,pleuchh
pleuchh3.jpg,pleuchh
pleuchi1.jpg,pleuchi
pleuchi2.jpg,pleuchi
pleuchi3.jpg,pleuchi
pleuchl1.jpg,pleuchl
pleuchl2.jpg,pleuchl
pleuchl3.jpg,pleuchl
pleuchv1.jpg,pleuchv
pleuchv2.jpg,pleuchv
pleuchv3.jpg,pleuchv
pleuchy1.jpg,pleuchy
pleuchy2.jpg,pleuchy
pleuchy3.jpg,pleuchy
saginsa1.jpg,saginsa
saginsa2.jpg,saginsa
saginsa3.jpg,saginsa
saginsb1.jpg,saginsb
saginsb2.jpg,saginsb
saginsb3.jpg,saginsb
saginsc1.jpg,saginsc
saginsc2.jpg,saginsc
saginsc3.jpg,saginsc
saginsd1.jpg,saginsd
saginsd2.jpg,saginsd
saginsd3.jpg,saginsd
saginsg1.jpg,saginsg
saginsg2.jpg,saginsg
saginsg3.jpg,saginsg
saginsh1.jpg,saginsh
saginsh2.jpg,saginsh
saginsh3.jpg,saginsh
saginsi1.jpg,saginsi
saginsi2.jpg,saginsi
saginsi3.jpg,saginsi
saginsl1.jpg,saginsl
saginsl2.jpg,saginsl
saginsl3.jpg,saginsl
saginsv1.jpg,saginsv
saginsv2.jpg,saginsv
saginsv3.jpg,saginsv
saginsy1.jpg,saginsy
saginsy2.jpg,saginsy
saginsy3.jpg,saginsy
szadela1.jpg,szadela
szadela2.jpg,szadela
szadela3.jpg,szadela
szadelb1.jpg,szadelb
szadelb2.jpg,szadelb
szadelb3.jpg,szadelb
szadelc1.jpg,szadelc
szadelc2.jpg,szadelc
szadelc3.jpg,szadelc
szadeld1.jpg,szadeld
szadeld2.jpg,szadeld
szadeld3.jpg,szadeld
szadelg1.jpg,szadelg
szadelg2.jpg,szadelg
szadelg3.jpg,szadelg
szadelh1.jpg,szadelh
szadelh2.jpg,szadelh
szadelh3.jpg,szadelh
szadeli1.jpg,szadeli
szadeli2.jpg,szadeli
szadeli3.jpg,szadeli
szadell1.jpg,szadell
szadell2.jpg,szadell
szadell3.jpg,szadell
szadelv1.jpg,szadelv
szadelv2.jpg,szadelv
szadelv3.jpg,szadelv
szadely1.jpg,szadely
szadely2.jpg,szadely
szadely3.jpg,szadely
tkersca1.jpg,tkersca
tkersca2.jpg,tkersca
tkersca3.jpg,tkersca
tkerscb1.jpg,tkerscb
tkerscb2.jpg,tkerscb
tkerscb3.jpg,tkerscb
tkerscc1.jpg,tkerscc
tkerscc2.jpg,tkerscc
tkerscc3.jpg,tkerscc
tkerscd1.jpg,tkerscd
tkerscd2.jpg,tkerscd
tkerscd3.jpg,tkerscd
tkerscg1.jpg,tkerscg
tkerscg2.jpg,tkerscg
tkerscg3.jpg,tkerscg
tkersch1.jpg,tkersch
tkersch2.jpg,tkersch
tkersch3.jpg,tkersch
tkersci1.jpg,tkersci
tkersci2.jpg,tkersci
tkersci3.jpg,tkersci
tkerscl1.jpg,tkerscl
tkerscl2.jpg,tkerscl
tkerscl3.jpg,tkerscl
tkerscv1.jpg,tkerscv
tkerscv2.jpg,tkerscv
tkerscv3.jpg,tkerscv
tkerscy1.jpg,tkerscy
tkerscy2.jpg,tkerscy
tkerscy3.jpg,tkerscy
tmaurea1.jpg,tmaurea
tmaurea2.jpg,tmaurea
tmaurea3.jpg,tmaurea
tmaureb1.jpg,tmaureb
tmaureb2.jpg,tmaureb
tmaureb3.jpg,tmaureb
tmaurec1.jpg,tmaurec
tmaurec2.jpg,tmaurec
tmaurec3.jpg,tmaurec
tmaured1.jpg,tmaured
tmaured2.jpg,tmaured
tmaured3.jpg,tmaured
tmaureg1.jpg,tmaureg
tmaureg2.jpg,tmaureg
tmaureg3.jpg,tmaureg
tmaureh1.jpg,tmaureh
tmaureh2.jpg,tmaureh
tmaureh3.jpg,tmaureh
tmaurei1.jpg,tmaurei
tmaurei2.jpg,tmaurei
tmaurei3.jpg,tmaurei
tmaurel1.jpg,tmaurel
tmaurel2.jpg,tmaurel
tmaurel3.jpg,tmaurel
tmaurev1.jpg,tmaurev
tmaurev2.jpg,tmaurev
tmaurev3.jpg,tmaurev
tmaurey1.jpg,tmaurey
tmaurey2.jpg,tmaurey
tmaurey3.jpg,tmaurey
umascha1.jpg,umascha
umascha2.jpg,umascha
umascha3.jpg,umascha
umaschb1.jpg,umaschb
umaschb2.jpg,umaschb
umaschb3.jpg,umaschb
umaschc1.jpg,umaschc
umaschc2.jpg,umaschc
umaschc3.jpg,umaschc
umaschd1.jpg,umaschd
umaschd2.jpg,umaschd
umaschd3.jpg,umaschd
umaschg1.jpg,umaschg
umaschg2.jpg,umaschg
umaschg3.jpg,umaschg
umaschh1.jpg,umaschh
umaschh2.jpg,umaschh
umaschh3.jpg,umaschh
umaschi1.jpg,umaschi
umaschi2.jpg,umaschi
umaschi3.jpg,umaschi
umaschl1.jpg,umaschl
umaschl2.jpg,umaschl
umaschl3.jpg,umaschl
umaschv1.jpg,umaschv
umaschv2.jpg,umaschv
umaschv3.jpg,umaschv
umaschy1.jpg,umaschy
umaschy2.jpg,umaschy
umaschy3.jpg,umaschy
uschwaa1.jpg,uschwaa
uschwaa2.jpg,uschwaa
uschwaa3.jpg,uschwaa
uschwab1.jpg,uschwab
uschwab2.jpg,uschwab
uschwab3.jpg,uschwab
uschwac1.jpg,uschwac
uschwac2.jpg,uschwac
uschwac3.jpg,uschwac
uschwad1.jpg,uschwad
uschwad2.jpg,uschwad
uschwad3.jpg,uschwad
uschwag1.jpg,uschwag
uschwag2.jpg,uschwag
uschwag3.jpg,uschwag
uschwah1.jpg,uschwah
uschwah2.jpg,uschwah
uschwah3.jpg,uschwah
uschwai1.jpg,uschwai
uschwai2.jpg,uschwai
uschwai3.jpg,uschwai
uschwal1.jpg,uschwal
uschwal2.jpg,uschwal
uschwal3.jpg,uschwal
uschwav1.jpg,uschwav
uschwav2.jpg,uschwav
uschwav3.jpg,uschwav
uschway1.jpg,uschway
uschway2.jpg,uschway
uschway3.jpg,uschway